<data>
<device-class name="AV">
	<device-type name="sound system">
		<device-brand name="Panasonic">
			<device-model name="Surround Sound">
				<state name="on" power="75" power_factor="0.19" thd="0.27" />
				<state name="off" power="0" power_factor="0.22" thd="0.44" />
				<state name="standby" power="25" power_factor="0.44" thd="0.3" />
			</device-model>
		</device-brand>
		<device-brand name="Dolby">
			<device-model name="Surround Sound">
				<state name="on" power="70" power_factor="0.47" thd="0.07" />
				<state name="off" power="0" power_factor="0.09" thd="0.22" />
				<state name="standby" power="30" power_factor="0.01" thd="0.2" />
			</device-model>
		</device-brand>
	</device-type>
	<device-type name="television">
		<device-brand name="Samsung">
			
			<device-model name="LCD SD TV">
				<state name="on" power="150" power_factor="0.26" thd="0.4" />
				<state name="off" power="0" power_factor="0.39" thd="0.4" />
				<state name="standby" power="50" power_factor="0.29" thd="0.41" />
			</device-model>
		</device-brand>
		<device-brand name="LG">
			<device-model name="LED HiDef TV">
				<state name="on" power="150" power_factor="0.35" thd="0.07" />
				<state name="off" power="0" power_factor="0.05" thd="0.24" />
				<state name="standby" power="50" power_factor="0.33" thd="0.11" />
			</device-model>
			<device-model name="LCD SD TV">
				<state name="on" power="100" power_factor="0.33" thd="0.17" />
				<state name="off" power="0" power_factor="0.42" thd="0.09" />
				<state name="standby" power="50" power_factor="0.31" thd="0.41" />
			</device-model>
		</device-brand>
	</device-type>
	<device-type name="Video Game System">
		<device-brand name="Microsoft">
			<device-model name="Xbox One">
				<state name="game" power="350" power_factor="0.11" thd="0.22" />
				<state name="off" power="0" power_factor="0.27" thd="0.34" />
				<state name="standby" power="75" power_factor="0.45" thd="0.08" />
				<state name="menu" power="150" power_factor="0.1" thd="0.08" />
			</device-model>
			<device-model name="Xbox 360">
				<state name="game" power="300" power_factor="0.06" thd="0.25" />
				<state name="off" power="0" power_factor="0.14" thd="0.45" />
				<state name="standby" power="75" power_factor="0.14" thd="0.03" />
				<state name="menu" power="100" power_factor="0.02" thd="0.32" />
			</device-model>
		</device-brand>
		<device-brand name="Sony">
			<device-model name="PlayStation 4">
				<state name="game" power="375" power_factor="0.49" thd="0.4" />
				<state name="off" power="0" power_factor="0.25" thd="0.06" />
				<state name="standby" power="70" power_factor="0.14" thd="0.36" />
				<state name="menu" power="150" power_factor="0.23" thd="0.49" />
			</device-model>
			<device-model name="PlayStation 3">
				<state name="game" power="275" power_factor="0.27" thd="0.34" />
				<state name="off" power="0" power_factor="0.2" thd="0.13" />
				<state name="standby" power="65" power_factor="0.31" thd="0.04" />
				<state name="menu" power="125" power_factor="0.13" thd="0.26" />
			</device-model>
		</device-brand>
	</device-type>
</device-class>
<device-class name="AV2"> 
	<device-type name="television">
		<device-brand name="Samsung">
			<device-model name="LED HiDef TV">
				<state name="on" power="200" power_factor="0.11" thd="0.07" />
				<state name="off" power="0" power_factor="0.21" thd="0.08" />
				<state name="standby" power="50" power_factor="0.05" thd="0.44" />
			</device-model>
			<device-model name="LCD SD TV">
				<state name="on" power="150" power_factor="0.42" thd="0.27" />
				<state name="off" power="0" power_factor="0.22" thd="0.25" />
				<state name="standby" power="50" power_factor="0.49" thd="0.02" />
			</device-model>
		</device-brand>
		<device-brand name="LG">
			<device-model name="LED HiDef TV">
				<state name="on" power="250" power_factor="0.1" thd="0.02" />
				<state name="off" power="0" power_factor="0.07" thd="0.35" />
				<state name="standby" power="50" power_factor="0.48" thd="0.29" />
			</device-model>
			<device-model name="LCD SD TV">
				<state name="on" power="100" power_factor="0.15" thd="0.18" />
				<state name="off" power="0" power_factor="0.22" thd="0.23" />
				<state name="standby" power="50" power_factor="0.33" thd="0.33" />
			</device-model>
		</device-brand>
	</device-type>
	<device-type name="Video Game System">
		<device-brand name="Microsoft">
			<device-model name="Xbox One">
				<state name="game" power="350" power_factor="0.16" thd="0.02" />
				<state name="off" power="0" power_factor="0.31" thd="0.32" />
				<state name="standby" power="75" power_factor="0.43" thd="0.5" />
				<state name="menu" power="150" power_factor="0.36" thd="0.25" />
			</device-model>
			<device-model name="Xbox 360">
				<state name="game" power="300" power_factor="0.49" thd="0.31" />
				<state name="off" power="0" power_factor="0.29" thd="0.0" />
				<state name="standby" power="75" power_factor="0.36" thd="0.08" />
				<state name="menu" power="100" power_factor="0.38" thd="0.45" />
			</device-model>
		</device-brand>
		<device-brand name="Sony">
			<device-model name="PlayStation 4">
				<state name="game" power="375" power_factor="0.31" thd="0.36" />
				<state name="off" power="0" power_factor="0.49" thd="0.39" />
				<state name="standby" power="70" power_factor="0.09" thd="0.33" />
				<state name="menu" power="150" power_factor="0.08" thd="0.43" />
			</device-model>
			<device-model name="PlayStation 3">
				<state name="game" power="275" power_factor="0.46" thd="0.08" />
				<state name="off" power="0" power_factor="0.34" thd="0.46" />
				<state name="standby" power="65" power_factor="0.08" thd="0.19" />
				<state name="menu" power="125" power_factor="0.12" thd="0.17" />
			</device-model>
		</device-brand>
	</device-type>
</device-class>
</data>